year,day,tmean,tmax,tmin
2006,1,5.00,6.10,3.40
2006,2,3.70,5.50,1.10
2006,3,5.60,7.60,3.60
2006,4,4.70,6.60,1.40
2006,5,1.90,2.60,1.30
2006,6,2.10,4.50,1.10
2006,7,1.90,3.90,0.30
2006,8,3.30,4.50,2.30
2006,9,4.40,6.10,2.30
2006,10,6.30,8.20,3.70
2006,11,7.60,10.10,2.40
2006,12,2.10,5.10,-0.40
2006,13,5.70,7.20,4.00
2006,14,7.00,8.50,5.40
2006,15,6.80,8.50,5.10
2006,16,6.30,8.90,4.40
2006,17,6.60,8.30,5.20
2006,18,7.90,9.80,5.00
2006,19,9.40,11.10,8.00
2006,20,8.10,10.30,5.80
2006,21,5.40,8.20,2.00
2006,22,2.80,4.90,0.70
2006,23,2.10,3.10,0.30
2006,24,-1.50,1.40,-4.00
2006,25,1.90,6.00,-2.10
2006,26,3.20,5.20,1.70
2006,27,2.50,4.60,1.00
2006,28,1.40,5.60,-1.30
2006,29,2.10,5.50,-0.10
2006,30,4.10,6.80,2.60
2006,31,3.20,4.50,2.00
2006,32,1.10,2.20,-0.20
2006,33,-1.50,-0.30,-2.40
2006,34,0.10,2.90,-2.00
2006,35,3.30,6.80,0.50
2006,36,5.40,7.30,3.70
2006,37,5.50,7.70,3.40
2006,38,6.60,9.60,4.10
2006,39,5.60,7.90,2.60
2006,40,2.00,4.50,-0.30
2006,41,1.30,5.80,-1.70
2006,42,1.50,5.70,-3.70
2006,43,5.90,8.80,2.40
2006,44,8.70,10.10,7.60
2006,45,7.30,10.40,5.60
2006,46,8.50,11.00,6.70
2006,47,6.00,8.70,3.90
2006,48,5.50,8.20,2.30
2006,49,2.70,6.80,-1.60
2006,50,4.50,7.40,2.50
2006,51,4.30,6.30,2.50
2006,52,3.00,5.70,1.20
2006,53,2.60,3.60,1.60
2006,54,2.00,4.20,0.70
2006,55,1.70,4.20,-0.60
2006,56,2.80,4.20,1.10
2006,57,3.10,5.60,1.40
2006,58,3.40,5.90,1.10
2006,59,1.60,4.10,-0.90
2006,60,-0.00,4.20,-2.90
2006,61,-0.30,4.50,-3.40
2006,62,-1.20,3.50,-4.80
2006,63,-0.40,4.00,-3.90
2006,64,1.90,6.40,-1.70
2006,65,2.40,6.80,-1.00
2006,66,1.90,5.50,-2.80
2006,67,8.80,12.10,3.70
2006,68,8.00,10.00,5.40
2006,69,4.60,6.40,2.90
2006,70,2.70,5.10,-1.40
2006,71,0.50,3.60,-2.80
2006,72,0.70,4.20,-2.20
2006,73,2.60,4.20,0.90
2006,74,3.40,7.60,0.50
2006,75,2.10,4.50,0.40
2006,76,2.50,5.20,0.70
2006,77,2.80,5.70,0.90
2006,78,3.90,7.00,1.20
2006,79,3.90,5.90,1.80
2006,80,2.60,5.30,-0.40
2006,81,1.30,4.80,-1.90
2006,82,2.60,7.30,-2.50
2006,83,8.40,13.40,5.30
2006,84,11.00,13.90,8.80
2006,85,13.00,15.60,11.70
2006,86,11.90,13.00,9.60
2006,87,9.50,11.80,7.40
2006,88,8.50,12.40,3.90
2006,89,12.00,15.30,8.70
2006,90,11.60,15.10,10.30
2006,91,10.80,13.40,7.90
2006,92,9.10,13.10,6.40
2006,93,7.90,10.60,4.60
2006,94,4.00,7.40,0.80
2006,95,4.00,9.60,-1.70
2006,96,6.10,10.60,1.00
2006,97,6.90,10.50,1.90
2006,98,7.00,10.40,4.50
2006,99,4.50,8.60,1.70
2006,100,4.20,8.40,0.20
2006,101,4.80,7.60,1.40
2006,102,8.20,11.90,3.80
2006,103,11.00,13.60,9.10
2006,104,9.40,12.80,5.20
2006,105,9.00,13.40,4.60
2006,106,10.30,14.30,6.50
2006,107,9.00,12.90,4.90
2006,108,9.30,12.90,5.40
2006,109,9.60,12.60,6.20
2006,110,10.90,13.30,8.40
2006,111,10.70,15.20,7.20
2006,112,9.10,14.60,4.60
2006,113,10.50,12.50,8.30
2006,114,10.10,14.70,6.30
2006,115,11.60,15.30,7.90
2006,116,11.30,15.50,5.80
2006,117,11.00,14.10,7.80
2006,118,8.40,11.10,5.80
2006,119,7.70,11.10,4.80
2006,120,7.90,11.40,4.60
2006,121,9.80,13.00,6.50
2006,122,10.20,15.30,3.10
2006,123,13.20,17.70,8.20
2006,124,16.80,23.20,10.50
2006,125,15.50,18.80,11.90
2006,126,12.20,16.80,6.90
2006,127,12.10,15.00,9.70
2006,128,12.30,14.60,9.40
2006,129,13.20,19.70,7.30
2006,130,13.70,20.80,7.90
2006,131,13.10,19.80,5.40
2006,132,15.20,21.30,7.80
2006,133,13.10,16.70,10.30
2006,134,11.30,14.20,9.20
2006,135,13.30,17.10,8.70
2006,136,14.20,17.30,11.60
2006,137,13.50,17.10,9.20
2006,138,14.40,16.90,11.80
2006,139,13.10,16.10,10.80
2006,140,12.40,15.20,11.00
2006,141,11.70,14.50,8.90
2006,142,11.90,16.00,8.00
2006,143,9.40,13.20,5.30
2006,144,10.70,13.50,8.60
2006,145,12.20,15.70,9.50
2006,146,14.10,17.20,10.40
2006,147,14.40,15.80,13.30
2006,148,13.00,15.50,9.70
2006,149,10.20,12.90,6.80
2006,150,8.40,11.70,5.20
2006,151,9.10,11.80,6.30
2006,152,9.50,14.20,3.80
2006,153,13.50,18.20,8.40
2006,154,14.10,19.30,8.10
2006,155,15.00,20.50,8.90
2006,156,13.20,16.10,9.30
2006,157,12.20,17.90,5.70
2006,158,16.60,22.70,11.00
2006,159,17.40,22.80,11.80
2006,160,17.40,22.70,11.60
2006,161,19.10,24.00,13.60
2006,162,21.00,26.00,15.20
2006,163,22.50,27.30,16.90
2006,164,18.60,22.30,15.50
2006,165,15.40,18.10,12.40
2006,166,13.80,16.60,11.00
2006,167,17.20,21.70,12.00
2006,168,19.70,24.20,13.50
2006,169,19.50,22.80,15.60
2006,170,17.60,20.40,13.80
2006,171,17.60,20.70,14.70
2006,172,15.50,18.40,13.30
2006,173,14.20,17.50,11.00
2006,174,15.00,18.60,10.90
2006,175,17.00,21.50,12.80
2006,176,17.30,21.70,12.30
2006,177,13.10,14.40,10.50
2006,178,13.30,16.80,9.20
2006,179,15.20,19.50,9.80
2006,180,16.30,21.70,10.60
2006,181,18.30,24.50,11.00
2006,182,20.30,26.40,12.60
2006,183,22.60,28.40,16.70
2006,184,22.60,28.30,15.80
2006,185,21.60,28.00,15.70
2006,186,20.70,24.60,16.00
2006,187,19.70,22.90,17.40
2006,188,18.50,20.70,16.30
2006,189,17.20,21.00,12.60
2006,190,17.90,22.00,15.10
2006,191,18.00,22.10,12.90
2006,192,19.10,22.00,16.60
2006,193,19.00,25.00,11.10
2006,194,16.90,19.30,13.00
2006,195,15.60,19.70,11.60
2006,196,16.30,22.20,10.50
2006,197,19.90,26.90,12.50
2006,198,21.60,28.90,12.30
2006,199,22.40,30.00,13.20
2006,200,24.10,31.30,16.50
2006,201,24.90,30.20,20.50
2006,202,24.10,28.80,17.70
2006,203,22.20,26.30,19.50
2006,204,21.00,24.30,17.10
2006,205,21.10,26.70,15.20
2006,206,22.30,28.40,15.40
2006,207,23.60,29.90,17.70
2006,208,22.20,26.00,19.00
2006,209,21.30,25.10,17.50
2006,210,21.10,25.80,15.80
2006,211,20.30,23.00,18.20
2006,212,19.10,22.30,16.50
2006,213,17.90,20.80,15.40
2006,214,16.30,19.40,13.90
2006,215,16.40,19.80,14.00
2006,216,16.10,19.60,12.30
2006,217,18.30,23.40,11.60
2006,218,21.20,25.40,17.30
2006,219,18.60,21.10,14.90
2006,220,17.90,23.10,12.40
2006,221,17.40,20.80,15.30
2006,222,16.00,19.20,12.80
2006,223,15.10,19.30,11.70
2006,224,15.00,18.10,12.70
2006,225,15.70,20.10,12.40
2006,226,16.00,19.40,13.10
2006,227,16.20,19.60,12.30
2006,228,16.40,20.60,11.40
2006,229,16.80,21.10,13.00
2006,230,16.40,19.80,14.00
2006,231,16.90,20.40,13.70
2006,232,17.10,20.90,14.20
2006,233,16.10,19.40,13.10
2006,234,16.10,19.70,12.50
2006,235,16.60,19.70,14.00
2006,236,16.00,18.90,14.10
2006,237,14.90,19.90,9.20
2006,238,15.70,19.20,12.30
2006,239,16.00,19.40,12.60
2006,240,14.90,17.70,12.80
2006,241,14.00,17.60,10.90
2006,242,14.70,18.30,10.60
2006,243,18.00,22.20,13.80
2006,244,17.50,21.90,14.20
2006,245,17.00,19.60,13.00
2006,246,20.20,23.10,17.30
2006,247,17.70,21.90,13.20
2006,248,20.20,23.40,17.80
2006,249,20.00,24.50,16.10
2006,250,15.90,18.80,12.40
2006,251,13.90,18.50,9.60
2006,252,14.80,19.30,10.80
2006,253,16.50,23.40,9.90
2006,254,19.30,25.60,14.30
2006,255,19.60,23.80,16.10
2006,256,19.60,23.60,17.00
2006,257,18.70,22.40,14.50
2006,258,16.50,21.00,13.40
2006,259,18.10,23.00,14.40
2006,260,18.60,21.90,16.20
2006,261,17.30,19.90,15.20
2006,262,16.00,19.40,12.30
2006,263,16.70,21.60,11.80
2006,264,20.90,25.80,16.20
2006,265,16.90,20.70,14.80
2006,266,17.10,21.60,13.00
2006,267,18.00,21.40,15.70
2006,268,15.90,18.00,13.90
2006,269,14.90,18.20,12.10
2006,270,15.10,19.70,10.80
2006,271,18.00,20.70,15.70
2006,272,16.70,19.20,14.70
2006,273,14.80,18.80,11.20
2006,274,15.20,16.90,14.10
2006,275,14.70,17.40,12.90
2006,276,12.30,15.20,8.90
2006,277,11.50,15.20,8.30
2006,278,11.70,15.10,7.80
2006,279,15.40,17.30,13.60
2006,280,12.70,15.60,10.20
2006,281,12.70,16.60,9.40
2006,282,16.00,20.60,12.60
2006,283,16.30,19.90,13.70
2006,284,16.00,18.20,14.80
2006,285,13.70,17.60,8.60
2006,286,14.00,17.90,10.80
2006,287,14.20,18.10,11.00
2006,288,14.20,16.70,12.30
2006,289,14.20,18.10,11.40
2006,290,14.30,17.80,11.40
2006,291,14.90,18.00,13.20
2006,292,15.00,16.80,13.50
2006,293,14.00,16.70,12.10
2006,294,13.80,16.80,12.20
2006,295,13.60,15.30,12.20
2006,296,12.60,14.60,10.10
2006,297,11.30,13.70,8.50
2006,298,11.20,16.00,6.80
2006,299,15.20,17.90,10.00
2006,300,10.10,13.00,7.20
2006,301,13.70,16.70,8.90
2006,302,13.00,16.10,10.10
2006,303,13.20,15.90,10.00
2006,304,12.10,14.30,6.90
2006,305,6.00,8.60,4.10
2006,306,4.30,8.10,1.50
2006,307,4.50,9.50,1.40
2006,308,4.90,10.40,0.60
2006,309,7.60,11.80,4.70
2006,310,6.60,10.30,4.30
2006,311,6.80,8.50,5.00
2006,312,10.30,13.80,7.20
2006,313,7.70,10.60,5.00
2006,314,6.40,10.10,1.50
2006,315,10.20,11.40,7.90
2006,316,9.20,10.90,6.80
2006,317,11.90,14.10,9.40
2006,318,11.60,13.60,9.50
2006,319,12.50,14.60,10.70
2006,320,10.50,13.90,5.90
2006,321,8.10,12.00,4.90
2006,322,5.50,8.80,3.70
2006,323,4.80,8.80,0.70
2006,324,9.90,11.70,7.80
2006,325,5.70,7.50,4.30
2006,326,6.40,8.70,4.30
2006,327,10.20,12.00,7.70
2006,328,9.50,12.80,5.90
2006,329,11.30,13.90,7.90
2006,330,10.00,12.40,7.50
2006,331,11.80,13.90,10.60
2006,332,10.70,11.80,7.70
2006,333,8.20,11.80,5.20
2006,334,8.70,10.10,7.30
2006,335,10.90,13.00,8.20
2006,336,9.80,12.60,7.70
2006,337,9.00,10.00,7.40
2006,338,9.50,13.60,7.10
2006,339,12.10,13.80,9.50
2006,340,8.30,9.70,6.30
2006,341,9.30,10.70,6.50
2006,342,6.80,8.40,3.70
2006,343,4.10,7.20,2.00
2006,344,4.50,9.90,0.30
2006,345,9.80,12.30,5.10
2006,346,6.90,9.80,4.30
2006,347,10.50,12.00,8.80
2006,348,11.60,12.30,10.90
2006,349,10.90,11.80,9.90
2006,350,5.40,11.70,3.30
2006,351,4.00,7.30,1.70
2006,352,3.20,6.00,0.30
2006,353,2.50,3.80,0.70
2006,354,2.90,3.60,2.20
2006,355,2.10,3.20,1.00
2006,356,0.20,1.10,-0.50
2006,357,2.20,4.60,0.00
2006,358,5.40,6.80,4.40
2006,359,5.60,6.50,4.90
2006,360,5.60,7.40,4.20
2006,361,4.60,7.00,3.80
2006,362,8.70,9.70,6.60
2006,363,7.80,11.40,4.00
2006,364,10.60,12.70,7.80
2006,365,9.40,12.30,7.40
2025,1,8.90,11.60,4.80
2025,2,1.10,5.00,-2.00
2025,3,-0.10,4.40,-2.40
2025,4,0.60,3.00,-1.40
2025,5,6.70,12.30,0.90
2025,6,6.90,11.80,2.40
2025,7,1.70,4.30,-0.20
2025,8,-0.10,1.70,-1.50
2025,9,-0.00,2.70,-2.40
2025,10,-2.00,2.20,-4.50
2025,11,-2.40,1.90,-4.40
2025,12,-1.40,2.80,-5.10
2025,13,2.80,5.60,0.60
2025,14,5.60,9.50,2.60
2025,15,7.70,9.50,5.50
2025,16,6.50,8.40,5.10
2025,17,4.70,6.40,1.20
2025,18,2.50,3.90,0.70
2025,19,2.30,3.40,1.50
2025,20,2.80,4.80,1.10
2025,21,3.20,5.60,1.30
2025,22,2.80,4.20,1.50
2025,23,4.20,7.40,0.80
2025,24,8.60,11.10,5.20
2025,25,4.50,7.50,1.80
2025,26,3.80,7.20,1.00
2025,27,7.30,8.60,6.00
2025,28,7.90,9.30,6.90
2025,29,5.80,8.40,4.40
2025,30,3.40,7.40,-0.10
2025,31,4.70,7.30,1.20
2025,32,4.50,6.20,2.30
2025,33,2.20,7.00,-0.10
2025,34,4.30,7.90,-0.30
2025,35,7.80,11.20,4.40
2025,36,4.80,8.90,1.20
2025,37,1.80,7.00,-2.30
2025,38,2.80,4.20,1.20
2025,39,4.50,6.70,2.70
2025,40,3.90,8.20,-0.70
2025,41,3.90,4.70,2.60
2025,42,3.50,4.80,2.40
2025,43,3.90,6.30,2.30
2025,44,3.50,4.50,1.40
2025,45,2.00,4.40,-0.30
2025,46,2.20,4.40,1.10
2025,47,2.30,4.40,-0.50
2025,48,1.10,5.20,-1.60
2025,49,1.90,6.20,-1.10
2025,50,4.10,6.80,1.60
2025,51,11.20,13.80,6.80
2025,52,13.20,16.10,11.40
2025,53,10.40,12.90,7.10
2025,54,8.70,11.80,5.80
2025,55,10.10,12.40,6.90
2025,56,7.60,10.60,4.40
2025,57,4.30,7.30,2.30
2025,58,4.60,8.50,1.70
2025,59,3.20,8.70,-1.90
2025,60,2.80,9.20,-2.60
2025,61,3.10,9.70,-2.30
2025,62,3.80,11.20,-2.60
2025,63,5.20,12.00,-0.80
2025,64,6.80,13.50,1.80
2025,65,9.30,16.70,3.70
2025,66,11.90,17.00,8.80
2025,67,10.50,15.60,6.30
2025,68,10.60,17.50,6.40
2025,69,7.10,11.60,3.90
2025,70,6.00,7.90,4.10
2025,71,3.90,7.60,0.90
2025,72,3.20,7.10,-0.40
2025,73,2.90,7.90,-1.20
2025,74,2.90,7.90,-1.00
2025,75,2.80,7.50,-2.70
2025,76,5.80,8.70,3.70
2025,77,4.90,10.30,1.00
2025,78,7.10,15.20,-0.70
2025,79,11.00,18.00,4.60
2025,80,11.50,15.90,8.00
2025,81,12.20,14.80,9.50
2025,82,9.40,14.00,6.60
2025,83,8.30,11.70,6.00
2025,84,9.20,13.70,4.40
2025,85,9.70,15.00,5.40
2025,86,9.10,14.10,4.10
2025,87,9.50,12.70,5.80
2025,88,7.80,12.10,2.50
2025,89,11.10,14.50,7.20
2025,90,8.70,14.70,2.90
2025,91,7.60,13.00,3.10
2025,92,9.30,14.70,4.90
2025,93,11.50,16.70,7.10
2025,94,12.40,19.50,7.30
2025,95,8.90,15.20,4.70
2025,96,7.80,13.50,3.90
2025,97,7.30,13.50,1.50
2025,98,7.60,14.60,0.90
2025,99,6.80,12.30,1.60
2025,100,9.00,13.30,4.90
2025,101,11.80,19.60,4.80
2025,102,12.60,19.40,5.60
2025,103,12.10,14.70,8.70
2025,104,10.20,14.80,4.70
2025,105,11.30,14.30,9.10
2025,106,10.50,14.50,7.80
2025,107,9.70,15.00,3.10
2025,108,11.30,15.80,7.20
2025,109,11.00,14.20,6.30
2025,110,9.10,14.80,3.90
2025,111,10.30,13.40,8.40
2025,112,10.90,15.50,5.90
2025,113,10.40,13.70,8.10
2025,114,9.70,13.00,6.50
2025,115,8.70,14.10,2.20
2025,116,10.90,15.80,4.90
2025,117,12.80,19.10,5.90
2025,118,14.40,21.00,7.30
2025,119,14.50,20.70,6.80
2025,120,15.00,23.10,6.60
2025,121,17.70,25.80,8.40
2025,122,16.20,19.50,12.90
2025,123,12.40,17.40,8.90
2025,124,8.80,11.80,6.30
2025,125,9.20,13.50,5.00
2025,126,9.10,12.60,5.00
2025,127,9.30,14.70,3.40
2025,128,10.10,14.10,6.90
2025,129,11.40,17.30,4.40
2025,130,14.00,20.00,7.10
2025,131,16.10,22.10,9.10
2025,132,17.70,23.70,11.20
2025,133,16.00,22.00,10.10
2025,134,12.70,19.40,6.70
2025,135,11.20,13.40,8.00
2025,136,11.10,15.80,6.00
2025,137,12.80,17.60,7.90
2025,138,12.20,16.40,8.90
2025,139,12.60,18.90,5.80
2025,140,13.90,19.70,6.60
2025,141,13.20,17.80,9.40
2025,142,9.90,13.20,5.70
2025,143,11.90,18.50,3.20
2025,144,16.10,20.90,12.10
2025,145,15.90,18.20,12.90
2025,146,13.70,17.40,9.80
2025,147,14.70,16.60,13.00
2025,148,15.50,18.30,13.20
2025,149,17.70,23.20,12.80
2025,150,18.30,23.50,14.60
2025,151,19.30,24.20,13.60
2025,152,16.20,19.50,12.50
2025,153,15.20,19.40,10.50
2025,154,14.40,18.40,10.90
2025,155,14.10,17.80,9.90
2025,156,13.90,16.00,12.20
2025,157,14.00,18.00,10.30
2025,158,12.80,16.10,11.10
2025,159,12.70,16.60,8.80
2025,160,15.00,18.80,10.00
2025,161,16.90,20.80,13.60
2025,162,16.50,22.10,11.40
2025,163,18.70,25.10,12.30
2025,164,21.70,28.10,15.30
2025,165,20.20,24.10,16.50
2025,166,17.80,22.20,12.30
2025,167,19.70,25.00,12.80
2025,168,20.30,25.80,13.80
2025,169,21.20,26.40,15.10
2025,170,21.50,27.90,14.60
2025,171,21.10,26.50,15.30
2025,172,23.50,30.60,15.70
2025,173,21.00,24.80,17.40
2025,174,17.90,20.80,14.90
2025,175,19.30,26.40,13.30
2025,176,21.00,26.20,16.50
2025,177,20.70,24.80,17.90
2025,178,20.30,28.20,12.90
2025,179,23.40,28.60,18.60
2025,180,22.00,26.80,17.50
2025,181,23.70,30.90,17.00
2025,182,24.00,29.50,18.80
2025,183,18.20,21.70,14.90
2025,184,17.30,22.40,10.90
2025,185,19.50,25.80,12.40
2025,186,19.50,22.50,15.90
2025,187,17.70,21.70,14.70
2025,188,15.80,19.10,13.00
2025,189,16.40,21.60,11.00
2025,190,18.60,24.80,10.50
2025,191,21.70,28.00,14.90
2025,192,23.30,30.20,15.10
2025,193,21.70,27.30,15.20
2025,194,20.30,26.00,14.80
2025,195,21.00,25.80,16.80
2025,196,17.30,21.10,13.60
2025,197,18.20,22.80,14.20
2025,198,19.60,24.90,14.50
2025,199,22.80,28.40,18.00
2025,200,20.00,22.60,18.30
2025,201,18.40,21.10,15.60
2025,202,17.20,21.90,12.40
2025,203,18.30,22.20,14.50
2025,204,18.00,21.70,14.30
2025,205,17.00,19.20,14.70
2025,206,19.30,25.00,12.70
2025,207,18.30,21.40,15.40
2025,208,17.10,20.60,13.30
2025,209,18.20,23.00,12.90
2025,210,16.70,21.00,12.40
2025,211,19.40,24.00,15.60
2025,212,18.90,24.00,14.80
2025,213,15.90,18.40,13.50
2025,214,17.00,20.50,13.90
2025,215,18.10,24.40,11.30
2025,216,18.80,22.20,15.40
2025,217,16.90,20.90,12.70
2025,218,17.30,23.10,10.60
2025,219,19.40,24.90,14.50
2025,220,19.90,24.70,14.30
2025,221,19.40,25.60,12.80
2025,222,19.60,25.70,12.50
2025,223,22.10,28.40,14.80
2025,224,24.20,31.10,17.70
2025,225,22.90,30.30,15.20
2025,226,21.90,26.70,16.70
2025,227,21.80,27.40,16.50
2025,228,18.10,23.00,14.50
2025,229,17.00,24.50,10.90
2025,230,18.70,21.80,16.00
2025,231,17.80,22.70,13.90
2025,232,16.30,19.40,14.90
2025,233,15.40,18.50,12.80
2025,234,16.10,22.50,8.40
2025,235,17.30,21.80,12.10
2025,236,18.60,23.60,12.80
2025,237,19.80,26.30,13.10
2025,238,20.50,25.40,16.70
2025,239,18.70,22.90,14.50
2025,240,17.20,22.10,12.10
2025,241,15.90,19.90,14.10
2025,242,17.10,21.80,12.40
2025,243,17.30,21.20,13.30
2025,244,16.60,21.30,13.40
2025,245,15.90,19.60,11.90
2025,246,17.70,21.00,15.30
2025,247,15.60,19.30,13.00
2025,248,15.50,20.80,10.60
2025,249,17.20,22.60,12.30
2025,250,20.00,26.40,15.70
2025,251,16.60,20.70,13.30
2025,252,15.00,20.90,8.80
2025,253,15.60,19.10,13.10
2025,254,14.50,18.60,11.30
2025,255,13.60,18.60,10.20
2025,256,13.70,18.30,11.00
2025,257,13.20,17.10,8.50
2025,258,15.70,18.20,13.80
2025,259,14.60,18.50,11.90
2025,260,15.70,19.30,11.70
2025,261,19.40,22.50,16.50
2025,262,19.60,25.50,16.30
2025,263,16.90,21.60,13.30
2025,264,12.10,14.90,9.30
2025,265,10.00,15.10,6.50
2025,266,10.40,16.00,4.90
2025,267,12.10,17.60,8.00
2025,268,12.20,17.80,7.90
2025,269,11.70,16.10,7.70
2025,270,12.60,17.40,8.20
2025,271,12.80,16.00,9.90
2025,272,11.50,17.10,5.30
2025,273,11.90,18.40,6.10
2025,274,13.10,17.90,9.40
2025,275,14.40,19.10,10.20
2025,276,15.80,18.00,14.10
2025,277,12.90,17.50,11.40
2025,278,12.60,15.90,10.60
2025,279,14.20,19.40,9.80
2025,280,14.20,17.10,11.30
2025,281,13.40,17.10,9.20
2025,282,11.70,15.60,7.30
2025,283,12.80,16.30,9.30
2025,284,11.20,14.80,8.40
2025,285,9.00,13.90,4.10
2025,286,12.70,15.70,9.70
2025,287,12.00,13.60,10.80
2025,288,11.50,13.40,10.40
2025,289,11.70,15.20,8.20
2025,290,11.90,14.00,10.60
2025,291,11.40,14.70,7.70
2025,292,13.10,15.30,11.30
2025,293,13.30,15.30,11.10
2025,294,12.80,15.50,10.80
2025,295,10.90,14.60,8.10
2025,296,9.90,11.80,7.60
2025,297,8.40,12.10,5.30
2025,298,8.90,11.00,5.80
2025,299,7.20,10.60,3.70
2025,300,10.40,12.50,8.90
2025,301,11.70,14.00,9.80
2025,302,10.60,12.00,7.00
2025,303,8.90,13.10,5.00
2025,304,14.00,15.80,11.40
2025,305,12.70,14.80,8.60
2025,306,8.50,11.90,6.40
2025,307,12.60,16.60,6.70
2025,308,14.20,16.40,13.40
2025,309,15.30,16.90,14.10
2025,310,14.60,16.20,13.10
2025,311,13.00,15.40,11.20
2025,312,12.00,14.20,8.10
2025,313,9.70,13.90,6.10
2025,314,11.90,13.40,8.80
2025,315,11.50,15.20,7.00
2025,316,14.20,16.20,12.30
2025,317,13.50,16.30,11.20
2025,318,11.50,12.40,10.50
2025,319,10.90,11.80,9.60
2025,320,8.50,9.50,6.10
2025,321,5.00,6.80,1.70
2025,322,3.10,7.00,-0.50
2025,323,3.50,5.50,1.00
2025,324,1.00,3.50,-1.90
2025,325,1.40,5.10,-1.10
2025,326,4.90,7.70,0.40
2025,327,7.00,9.40,4.40
2025,328,4.90,6.70,3.30
2025,329,4.90,6.90,3.10
2025,330,2.80,7.30,-2.00
2025,331,11.70,13.60,7.90
2025,332,9.90,13.40,8.00
2025,333,8.60,11.00,4.70
2025,334,4.60,7.30,2.70
2025,335,9.60,11.70,4.70
2025,336,8.50,10.80,6.10
2025,337,5.90,9.10,3.70
2025,338,6.40,7.80,4.00
2025,339,4.50,8.40,0.70
2025,340,9.90,12.40,8.20
2025,341,10.10,14.10,6.70
2025,342,11.50,13.80,9.50
2025,343,13.10,15.00,11.10
2025,344,10.40,12.40,9.10
2025,345,8.90,11.40,7.10
2025,346,9.80,12.30,5.40
2025,347,5.70,9.20,3.00
2025,348,8.00,10.30,6.40
2025,349,10.50,11.60,9.40
2025,350,8.70,10.60,3.90
2025,351,5.30,9.60,0.80
2025,352,10.90,12.50,9.50
2025,353,8.20,11.00,5.60
2025,354,5.60,8.70,3.50
2025,355,9.00,10.30,5.80
2025,356,8.30,10.40,6.10
2025,357,6.20,7.30,5.50
2025,358,4.80,5.90,3.20
2025,359,3.70,5.50,2.80
2025,360,3.00,6.10,1.50
2025,361,4.40,7.40,0.90
2025,362,6.10,7.30,4.30
2025,363,5.30,6.50,3.60
2025,364,4.20,6.20,1.80
2025,365,0.90,3.70,-1.00
