year,uk_twh,world_twh
1700,20.7,
1701,21.1,
1702,21.4,
1703,21.7,
1704,22.0,
1705,22.3,
1706,22.6,
1707,22.9,
1708,23.2,
1709,23.5,
1710,23.9,
1711,24.2,
1712,24.5,
1713,24.8,
1714,25.1,
1715,25.4,
1716,25.7,
1717,26.0,
1718,26.4,
1719,26.7,
1720,27.0,
1721,27.3,
1722,27.6,
1723,27.9,
1724,28.2,
1725,28.5,
1726,28.9,
1727,29.2,
1728,29.5,
1729,29.8,
1730,30.1,
1731,30.4,
1732,30.7,
1733,31.0,
1734,31.3,
1735,31.7,
1736,32.0,
1737,32.3,
1738,32.6,
1739,32.9,
1740,33.2,
1741,33.5,
1742,33.8,
1743,34.2,
1744,34.5,
1745,34.8,
1746,35.1,
1747,35.4,
1748,35.7,
1749,36.0,
1750,36.3,
1751,37.3,
1752,38.4,
1753,39.4,
1754,40.4,
1755,41.4,
1756,42.4,
1757,43.4,
1758,44.4,
1759,45.4,
1760,46.4,
1761,47.4,
1762,48.4,
1763,49.4,
1764,50.4,
1765,51.4,
1766,52.4,
1767,53.4,
1768,54.4,
1769,55.5,
1770,56.5,
1771,57.5,
1772,58.5,
1773,59.5,
1774,60.5,
1775,61.5,
1776,63.2,
1777,64.9,
1778,66.7,
1779,68.4,
1780,70.1,
1781,71.8,
1782,73.5,
1783,75.3,
1784,77.0,
1785,78.7,
1786,80.4,
1787,82.2,
1788,83.9,
1789,85.6,
1790,87.3,
1791,89.0,
1792,90.8,
1793,92.5,
1794,94.2,
1795,95.9,
1796,97.6,
1797,99.4,
1798,101.1,
1799,102.8,
1800,104.5,97.0
1801,108.1,
1802,111.6,
1803,115.2,
1804,118.7,
1805,122.3,
1806,125.8,
1807,129.4,
1808,132.9,
1809,136.5,
1810,140.0,128.0
1811,143.6,
1812,147.1,
1813,150.7,
1814,154.2,
1815,157.8,
1816,161.3,
1817,164.9,
1818,168.4,
1819,172.0,
1820,175.5,153.0
1821,179.1,
1822,182.6,
1823,186.2,
1824,189.7,
1825,193.3,
1826,196.8,
1827,200.4,
1828,204.0,
1829,207.5,
1830,211.9,264.0
1831,216.1,
1832,222.3,
1833,227.9,
1834,234.2,
1835,243.9,
1836,253.6,
1837,261.9,
1838,272.4,
1839,282.8,
1840,295.3,356.0
1841,303.6,
1842,306.4,
1843,318.9,
1844,330.0,
1845,354.4,
1846,368.3,
1847,374.5,
1848,392.6,
1849,411.3,
1850,433.6,569.0
1851,452.3,
1852,473.9,
1853,494.0,
1854,521.1,
1855,530.1,
1856,548.2,
1857,564.9,
1858,557.2,
1859,574.6,
1860,610.1,1061.0
1861,619.1,
1862,632.3,
1863,664.2,
1864,687.9,
1865,710.1,
1866,728.2,
1867,738.6,
1868,751.1,
1869,769.9,
1870,801.8,1642.0
1871,842.1,
1872,868.5,
1873,888.7,
1874,883.1,
1875,926.2,
1876,931.8,
1877,931.8,
1878,921.3,
1879,929.0,
1880,1021.4,2542.0
1881,1071.4,
1882,1087.4,
1883,1137.4,
1884,1117.3,
1885,1107.5,
1886,1094.3,
1887,1126.3,
1888,1180.5,
1889,1229.1,
1890,1261.8,3856.0
1891,1288.9,
1892,1263.2,
1893,1141.6,
1894,1308.3,
1895,1318.1,
1896,1357.7,
1897,1404.2,
1898,1403.5,
1899,1529.3,
1900,1566.5,5349.9
1901,1523.8,5446.6
1902,1579.8,5578.4
1903,1602.3,6087.3
1904,1616.9,6118.2
1905,1642.6,6596.0
1906,1746.5,6965.5
1907,1863.2,7705.0
1908,1819.3,7322.6
1909,1834.9,7651.5
1910,1839.5,8062.1
1911,1891.4,8205.7
1912,1811.6,8610.9
1913,1999.5,9226.5
1914,1848.1,8281.0
1915,1761.4,8150.1
1916,1783.5,8742.2
1917,1728.7,9104.2
1918,1584.3,8941.5
1919,1598.4,7583.7
1920,1596.7,8691.7
1921,1135.6,7258.0
1922,1736.3,7660.6
1923,1919.9,8922.9
1924,1856.3,8688.9
1925,1699.6,8710.9
1926,873.5,8671.8
1927,1747.7,9344.7
1928,1651.8,9178.9
1929,1794.0,9761.6
1930,1696.4,8920.0
1931,1526.5,7866.7
1932,1452.0,6994.4
1933,1440.7,7322.7
1934,1535.4,7990.4
1935,1546.0,8334.6
1936,1589.1,9155.6
1937,1672.3,9618.8
1938,1579.1,8974.4
1939,1609.3,9479.8
1940,1560.3,10455.5
1941,1435.4,10838.0
1942,1425.7,11023.8
1943,1384.0,11329.4
1944,1341.0,10878.4
1945,1271.5,8728.5
1946,1322.3,9398.2
1947,1373.7,10559.6
1948,1457.0,10910.8
1949,1496.7,10373.7
1950,1504.7,11332.6
1951,1550.5,11939.0
1952,1575.6,11870.5
1953,1559.7,11923.2
1954,1558.9,11769.4
1955,1541.7,12787.9
1956,1544.4,13514.1
1957,1555.7,13893.8
1958,1501.4,14332.8
1959,1433.8,14854.9
1960,1346.8,15475.8
1961,1326.3,14579.5
1962,1373.5,14930.8
1963,1362.0,15383.6
1964,1346.9,16064.5
1965,1304.3,16381.6
1966,1214.5,16608.7
1967,1197.5,16018.8
1968,1141.4,16464.8
1969,1047.3,16797.8
1970,1007.2,17469.7
1971,1006.9,17311.0
1972,834.1,17251.3
1973,903.6,17558.4
1974,756.2,17712.8
1975,881.0,18767.7
1976,847.6,19299.5
1977,836.3,19886.0
1978,846.1,20194.8
1979,837.8,21380.1
1980,970.3,23486.7
1981,907.2,21445.2
1982,884.7,22204.4
1983,845.5,22137.2
1984,357.3,23105.6
1985,657.9,24276.5
1986,762.8,24852.2
1987,734.9,25321.2
1988,736.2,25936.2
1989,708.1,26394.4
1990,656.4,26344.9
1991,669.4,25628.8
1992,599.1,25572.4
1993,483.7,24802.2
1994,345.5,25371.6
1995,380.9,26146.5
1996,362.1,26502.8
1997,352.4,26894.8
1998,299.6,26412.4
1999,270.0,26421.3
2000,227.4,26812.1
2001,232.2,27848.5
2002,218.7,28195.0
2003,205.1,30255.4
2004,172.3,32886.3
2005,140.5,35067.8
2006,126.2,36832.9
2007,118.2,38476.2
2008,124.9,39746.6
2009,122.0,39728.2
2010,126.2,41855.1
2011,127.4,44777.8
2012,116.9,45251.8
2013,88.1,45971.3
2014,80.5,45841.3
2015,59.5,44567.5
2016,31.7,42198.6
2017,22.9,43192.9
2018,21.0,45253.8
2019,19.7,45588.4
2020,12.8,43233.4
2021,8.1,45007.4
2022,5.0,48115.7
2023,4.0,49673.0
2024,0.9,50245.0
2025,1.0,50210.1
