station,year,sun_hours,daylight_hours,fraction
Cambridge,1959,1785.0,4380.0,0.4075
Cambridge,1960,1421.4,4380.0,0.3245
Cambridge,1961,1621.1,4380.0,0.3701
Cambridge,1962,1489.7,4380.0,0.3401
Cambridge,1963,1339.4,4380.0,0.3058
Cambridge,1964,1462.3,4380.0,0.3339
Cambridge,1965,1353.6,4380.0,0.3090
Cambridge,1966,1301.4,4380.0,0.2971
Cambridge,1967,1569.2,4380.0,0.3583
Cambridge,1968,1182.0,4380.0,0.2699
Cambridge,1969,1443.8,4380.0,0.3296
Cambridge,1970,1585.9,4380.0,0.3621
Cambridge,1971,1553.3,4380.0,0.3546
Cambridge,1972,1494.7,4380.0,0.3413
Cambridge,1973,1709.2,4380.0,0.3902
Cambridge,1974,1629.2,4380.0,0.3720
Cambridge,1975,1600.5,4380.0,0.3654
Cambridge,1976,1700.9,4380.0,0.3883
Cambridge,1977,1497.0,4380.0,0.3418
Cambridge,1978,1289.2,4380.0,0.2943
Cambridge,1979,1467.6,4380.0,0.3351
Cambridge,1980,1510.4,4380.0,0.3448
Cambridge,1981,1391.5,4380.0,0.3177
Cambridge,1982,1582.9,4380.0,0.3614
Cambridge,1983,1557.7,4380.0,0.3556
Cambridge,1984,1525.9,4380.0,0.3484
Cambridge,1985,1342.5,4380.0,0.3065
Cambridge,1986,1501.4,4380.0,0.3428
Cambridge,1987,1247.3,4380.0,0.2848
Cambridge,1988,1402.1,4380.0,0.3201
Cambridge,1989,1680.3,4380.0,0.3836
Cambridge,1990,1666.8,4380.0,0.3805
Cambridge,1991,1358.6,4380.0,0.3102
Cambridge,1992,1347.1,4380.0,0.3076
Cambridge,1993,1353.8,4380.0,0.3091
Cambridge,1994,1517.2,4380.0,0.3464
Cambridge,1995,1690.6,4380.0,0.3860
Cambridge,1996,1496.6,4380.0,0.3417
Cambridge,1997,1558.6,4380.0,0.3558
Cambridge,1998,1340.9,4380.0,0.3061
Cambridge,1999,1578.5,4380.0,0.3604
Cambridge,2000,1434.8,4380.0,0.3276
Cambridge,2001,1522.9,4380.0,0.3477
Cambridge,2002,1438.4,4380.0,0.3284
Cambridge,2003,1764.3,4380.0,0.4028
Cambridge,2004,1445.9,4380.0,0.3301
Cambridge,2005,1474.6,4380.0,0.3367
Cambridge,2006,1577.6,4380.0,0.3602
Cambridge,2007,1506.0,4380.0,0.3438
Cambridge,2008,1467.2,4380.0,0.3350
Cambridge,2009,1591.3,4380.0,0.3633
Oxford,1929,1740.4,4380.0,0.3974
Oxford,1930,1356.9,4380.0,0.3098
Oxford,1931,1239.4,4380.0,0.2830
Oxford,1932,1283.7,4380.0,0.2931
Oxford,1933,1772.8,4380.0,0.4047
Oxford,1934,1583.7,4380.0,0.3616
Oxford,1935,1579.5,4380.0,0.3606
Oxford,1936,1280.4,4380.0,0.2923
Oxford,1937,1358.2,4380.0,0.3101
Oxford,1938,1433.0,4380.0,0.3272
Oxford,1939,1443.8,4380.0,0.3296
Oxford,1940,1604.0,4380.0,0.3662
Oxford,1941,1416.5,4380.0,0.3234
Oxford,1942,1415.0,4380.0,0.3231
Oxford,1943,1594.7,4380.0,0.3641
Oxford,1944,1441.1,4380.0,0.3290
Oxford,1945,1375.4,4380.0,0.3140
Oxford,1946,1379.6,4380.0,0.3150
Oxford,1947,1440.3,4380.0,0.3288
Oxford,1948,1547.8,4380.0,0.3534
Oxford,1949,1827.0,4380.0,0.4171
Oxford,1950,1495.8,4380.0,0.3415
Oxford,1951,1557.2,4380.0,0.3555
Oxford,1952,1668.2,4380.0,0.3809
Oxford,1953,1564.5,4380.0,0.3572
Oxford,1954,1427.2,4380.0,0.3258
Oxford,1955,1682.2,4380.0,0.3841
Oxford,1956,1465.5,4380.0,0.3346
Oxford,1957,1577.4,4380.0,0.3601
Oxford,1958,1308.3,4380.0,0.2987
Oxford,1959,1853.4,4380.0,0.4232
Oxford,1960,1408.6,4380.0,0.3216
Oxford,1961,1601.3,4380.0,0.3656
Oxford,1962,1516.2,4380.0,0.3462
Oxford,1963,1372.5,4380.0,0.3134
Oxford,1964,1519.2,4380.0,0.3468
Oxford,1965,1448.5,4380.0,0.3307
Oxford,1966,1420.3,4380.0,0.3243
Oxford,1967,1626.9,4380.0,0.3714
Oxford,1968,1324.0,4380.0,0.3023
Oxford,1969,1579.6,4380.0,0.3606
Oxford,1970,1649.6,4380.0,0.3766
Oxford,1971,1539.9,4380.0,0.3516
Oxford,1972,1301.5,4380.0,0.2971
Oxford,1973,1612.9,4380.0,0.3682
Oxford,1974,1506.1,4380.0,0.3439
Oxford,1975,1614.9,4380.0,0.3687
Oxford,1976,1588.9,4380.0,0.3628
Oxford,1977,1369.3,4380.0,0.3126
Oxford,1978,1390.9,4380.0,0.3176
Oxford,1979,1493.4,4380.0,0.3410
Oxford,1980,1522.2,4380.0,0.3475
Oxford,1981,1204.7,4380.0,0.2750
Oxford,1982,1380.9,4380.0,0.3153
Oxford,1983,1467.3,4380.0,0.3350
Oxford,1984,1574.2,4380.0,0.3594
Oxford,1985,1478.4,4380.0,0.3375
Oxford,1986,1625.0,4380.0,0.3710
Oxford,1987,1371.1,4380.0,0.3130
Oxford,1988,1401.6,4380.0,0.3200
Oxford,1989,1868.1,4380.0,0.4265
Oxford,1990,1875.3,4380.0,0.4282
Oxford,1991,1482.9,4380.0,0.3386
Oxford,1992,1469.3,4380.0,0.3355
Oxford,1993,1555.0,4380.0,0.3550
Oxford,1994,1692.5,4380.0,0.3864
Oxford,1995,1880.3,4380.0,0.4293
Oxford,1996,1714.6,4380.0,0.3915
Oxford,1997,1684.2,4380.0,0.3845
Oxford,1998,1388.8,4380.0,0.3171
Oxford,1999,1569.7,4380.0,0.3584
Oxford,2000,1499.1,4380.0,0.3423
Oxford,2001,1595.9,4380.0,0.3644
Oxford,2002,1487.3,4380.0,0.3396
Oxford,2003,1774.5,4380.0,0.4051
Oxford,2004,1563.8,4380.0,0.3570
Oxford,2005,1570.1,4380.0,0.3585
Oxford,2006,1668.2,4380.0,0.3809
Oxford,2007,1631.5,4380.0,0.3725
Oxford,2008,1586.4,4380.0,0.3622
Oxford,2009,1704.3,4380.0,0.3891
Oxford,2010,1553.8,4380.0,0.3547
Oxford,2011,1580.5,4380.0,0.3608
Oxford,2012,1511.7,4380.0,0.3451
Oxford,2013,1610.1,4380.0,0.3676
Oxford,2014,1755.7,4380.0,0.4008
Oxford,2015,1581.8,4380.0,0.3611
Oxford,2016,1570.9,4380.0,0.3587
Oxford,2017,1523.4,4380.0,0.3478
Oxford,2018,1775.2,4380.0,0.4053
Oxford,2019,1649.3,4380.0,0.3766
Oxford,2020,1824.1,4380.0,0.4165
Oxford,2021,1489.2,4380.0,0.3400
Oxford,2022,1892.2,4380.0,0.4320
Oxford,2023,1633.8,4380.0,0.3730
Oxford,2024,1491.9,4380.0,0.3406
Oxford,2025,1883.6,4380.0,0.4300
